{"Routes":[{"DownstreamPathTemplate":"/manageemail/{path}","UpstreamPathTemplate":"/manageemail/{path}","UpstreamHttpMethod":["Post"],"DownstreamHttpMethod":null,"AddHeadersToRequest":{},"UpstreamHeaderTransform":{},"DownstreamHeaderTransform":{},"AddClaimsToRequest":{},"RouteClaimsRequirement":{},"AddQueriesToRequest":{},"ChangeDownstreamPathTemplate":{},"RequestIdKey":null,"FileCacheOptions":{"TtlSeconds":0,"Region":null},"RouteIsCaseSensitive":false,"ServiceName":null,"ServiceNamespace":null,"DownstreamScheme":"http","QoSOptions":{"ExceptionsAllowedBeforeBreaking":0,"DurationOfBreak":0,"TimeoutValue":0},"LoadBalancerOptions":{"Type":null,"Key":null,"Expiry":0},"RateLimitOptions":{"ClientWhitelist":[],"EnableRateLimiting":false,"Period":null,"PeriodTimespan":0.0,"Limit":0},"AuthenticationOptions":{"AuthenticationProviderKey":null,"AllowedScopes":[]},"HttpHandlerOptions":{"AllowAutoRedirect":false,"UseCookieContainer":false,"UseTracing":false,"UseProxy":true,"MaxConnectionsPerServer":2147483647},"DownstreamHostAndPorts":[{"Host":"age-inbox-radicador-svc.","Port":80}],"UpstreamHost":null,"Key":null,"DelegatingHandlers":[],"Priority":1,"Timeout":0,"DangerousAcceptAnyServerCertificateValidator":false,"SecurityOptions":{"IPAllowedList":[],"IPBlockedList":[]},"DownstreamHttpVersion":null},{"DownstreamPathTemplate":"/manageemail","UpstreamPathTemplate":"/manageemail","UpstreamHttpMethod":["Post"],"DownstreamHttpMethod":null,"AddHeadersToRequest":{},"UpstreamHeaderTransform":{},"DownstreamHeaderTransform":{},"AddClaimsToRequest":{},"RouteClaimsRequirement":{},"AddQueriesToRequest":{},"ChangeDownstreamPathTemplate":{},"RequestIdKey":null,"FileCacheOptions":{"TtlSeconds":0,"Region":null},"RouteIsCaseSensitive":false,"ServiceName":null,"ServiceNamespace":null,"DownstreamScheme":"http","QoSOptions":{"ExceptionsAllowedBeforeBreaking":0,"DurationOfBreak":0,"TimeoutValue":0},"LoadBalancerOptions":{"Type":null,"Key":null,"Expiry":0},"RateLimitOptions":{"ClientWhitelist":[],"EnableRateLimiting":false,"Period":null,"PeriodTimespan":0.0,"Limit":0},"AuthenticationOptions":{"AuthenticationProviderKey":null,"AllowedScopes":[]},"HttpHandlerOptions":{"AllowAutoRedirect":false,"UseCookieContainer":false,"UseTracing":false,"UseProxy":true,"MaxConnectionsPerServer":2147483647},"DownstreamHostAndPorts":[{"Host":"age-inbox-radicador-svc.","Port":80}],"UpstreamHost":null,"Key":null,"DelegatingHandlers":[],"Priority":1,"Timeout":0,"DangerousAcceptAnyServerCertificateValidator":false,"SecurityOptions":{"IPAllowedList":[],"IPBlockedList":[]},"DownstreamHttpVersion":null},{"DownstreamPathTemplate":"/Authentication/{path}","UpstreamPathTemplate":"/Authentication/{path}","UpstreamHttpMethod":["Post"],"DownstreamHttpMethod":null,"AddHeadersToRequest":{},"UpstreamHeaderTransform":{},"DownstreamHeaderTransform":{},"AddClaimsToRequest":{},"RouteClaimsRequirement":{},"AddQueriesToRequest":{},"ChangeDownstreamPathTemplate":{},"RequestIdKey":null,"FileCacheOptions":{"TtlSeconds":0,"Region":null},"RouteIsCaseSensitive":false,"ServiceName":null,"ServiceNamespace":null,"DownstreamScheme":"http","QoSOptions":{"ExceptionsAllowedBeforeBreaking":0,"DurationOfBreak":0,"TimeoutValue":0},"LoadBalancerOptions":{"Type":null,"Key":null,"Expiry":0},"RateLimitOptions":{"ClientWhitelist":[],"EnableRateLimiting":false,"Period":null,"PeriodTimespan":0.0,"Limit":0},"AuthenticationOptions":{"AuthenticationProviderKey":null,"AllowedScopes":[]},"HttpHandlerOptions":{"AllowAutoRedirect":false,"UseCookieContainer":false,"UseTracing":false,"UseProxy":true,"MaxConnectionsPerServer":2147483647},"DownstreamHostAndPorts":[{"Host":"age-inbox-radicador-svc.","Port":80}],"UpstreamHost":null,"Key":null,"DelegatingHandlers":[],"Priority":1,"Timeout":0,"DangerousAcceptAnyServerCertificateValidator":false,"SecurityOptions":{"IPAllowedList":[],"IPBlockedList":[]},"DownstreamHttpVersion":null},{"DownstreamPathTemplate":"/hc","UpstreamPathTemplate":"/age-inbox-radicador/hc","UpstreamHttpMethod":["Get"],"DownstreamHttpMethod":null,"AddHeadersToRequest":{},"UpstreamHeaderTransform":{},"DownstreamHeaderTransform":{},"AddClaimsToRequest":{},"RouteClaimsRequirement":{},"AddQueriesToRequest":{},"ChangeDownstreamPathTemplate":{},"RequestIdKey":null,"FileCacheOptions":{"TtlSeconds":0,"Region":null},"RouteIsCaseSensitive":false,"ServiceName":null,"ServiceNamespace":null,"DownstreamScheme":"http","QoSOptions":{"ExceptionsAllowedBeforeBreaking":0,"DurationOfBreak":0,"TimeoutValue":0},"LoadBalancerOptions":{"Type":null,"Key":null,"Expiry":0},"RateLimitOptions":{"ClientWhitelist":[],"EnableRateLimiting":false,"Period":null,"PeriodTimespan":0.0,"Limit":0},"AuthenticationOptions":{"AuthenticationProviderKey":null,"AllowedScopes":[]},"HttpHandlerOptions":{"AllowAutoRedirect":false,"UseCookieContainer":false,"UseTracing":false,"UseProxy":true,"MaxConnectionsPerServer":2147483647},"DownstreamHostAndPorts":[{"Host":"age-inbox-radicador-svc.","Port":80}],"UpstreamHost":null,"Key":null,"DelegatingHandlers":[],"Priority":1,"Timeout":0,"DangerousAcceptAnyServerCertificateValidator":false,"SecurityOptions":{"IPAllowedList":[],"IPBlockedList":[]},"DownstreamHttpVersion":null},{"DownstreamPathTemplate":"/api/integracion/metadata/{path}","UpstreamPathTemplate":"/api/integracion/metadata/{path}","UpstreamHttpMethod":["Post"],"DownstreamHttpMethod":null,"AddHeadersToRequest":{},"UpstreamHeaderTransform":{},"DownstreamHeaderTransform":{},"AddClaimsToRequest":{},"RouteClaimsRequirement":{},"AddQueriesToRequest":{},"ChangeDownstreamPathTemplate":{},"RequestIdKey":null,"FileCacheOptions":{"TtlSeconds":0,"Region":null},"RouteIsCaseSensitive":false,"ServiceName":null,"ServiceNamespace":null,"DownstreamScheme":"http","QoSOptions":{"ExceptionsAllowedBeforeBreaking":0,"DurationOfBreak":0,"TimeoutValue":0},"LoadBalancerOptions":{"Type":null,"Key":null,"Expiry":0},"RateLimitOptions":{"ClientWhitelist":[],"EnableRateLimiting":false,"Period":null,"PeriodTimespan":0.0,"Limit":0},"AuthenticationOptions":{"AuthenticationProviderKey":null,"AllowedScopes":[]},"HttpHandlerOptions":{"AllowAutoRedirect":false,"UseCookieContainer":false,"UseTracing":false,"UseProxy":true,"MaxConnectionsPerServer":2147483647},"DownstreamHostAndPorts":[{"Host":"reception-metadata-api-svc.","Port":80}],"UpstreamHost":null,"Key":null,"DelegatingHandlers":[],"Priority":1,"Timeout":0,"DangerousAcceptAnyServerCertificateValidator":false,"SecurityOptions":{"IPAllowedList":[],"IPBlockedList":[]},"DownstreamHttpVersion":null},{"DownstreamPathTemplate":"/hc","UpstreamPathTemplate":"/reception-metadata-api/hc","UpstreamHttpMethod":["Get"],"DownstreamHttpMethod":null,"AddHeadersToRequest":{},"UpstreamHeaderTransform":{},"DownstreamHeaderTransform":{},"AddClaimsToRequest":{},"RouteClaimsRequirement":{},"AddQueriesToRequest":{},"ChangeDownstreamPathTemplate":{},"RequestIdKey":null,"FileCacheOptions":{"TtlSeconds":0,"Region":null},"RouteIsCaseSensitive":false,"ServiceName":null,"ServiceNamespace":null,"DownstreamScheme":"http","QoSOptions":{"ExceptionsAllowedBeforeBreaking":0,"DurationOfBreak":0,"TimeoutValue":0},"LoadBalancerOptions":{"Type":null,"Key":null,"Expiry":0},"RateLimitOptions":{"ClientWhitelist":[],"EnableRateLimiting":false,"Period":null,"PeriodTimespan":0.0,"Limit":0},"AuthenticationOptions":{"AuthenticationProviderKey":null,"AllowedScopes":[]},"HttpHandlerOptions":{"AllowAutoRedirect":false,"UseCookieContainer":false,"UseTracing":false,"UseProxy":true,"MaxConnectionsPerServer":2147483647},"DownstreamHostAndPorts":[{"Host":"reception-metadata-api-svc.","Port":80}],"UpstreamHost":null,"Key":null,"DelegatingHandlers":[],"Priority":1,"Timeout":0,"DangerousAcceptAnyServerCertificateValidator":false,"SecurityOptions":{"IPAllowedList":[],"IPBlockedList":[]},"DownstreamHttpVersion":null},{"DownstreamPathTemplate":"/api/proveedores/{path}","UpstreamPathTemplate":"/api/proveedores/{path}","UpstreamHttpMethod":["Post"],"DownstreamHttpMethod":null,"AddHeadersToRequest":{},"UpstreamHeaderTransform":{},"DownstreamHeaderTransform":{},"AddClaimsToRequest":{},"RouteClaimsRequirement":{},"AddQueriesToRequest":{},"ChangeDownstreamPathTemplate":{},"RequestIdKey":null,"FileCacheOptions":{"TtlSeconds":0,"Region":null},"RouteIsCaseSensitive":false,"ServiceName":null,"ServiceNamespace":null,"DownstreamScheme":"http","QoSOptions":{"ExceptionsAllowedBeforeBreaking":0,"DurationOfBreak":0,"TimeoutValue":0},"LoadBalancerOptions":{"Type":null,"Key":null,"Expiry":0},"RateLimitOptions":{"ClientWhitelist":[],"EnableRateLimiting":false,"Period":null,"PeriodTimespan":0.0,"Limit":0},"AuthenticationOptions":{"AuthenticationProviderKey":null,"AllowedScopes":[]},"HttpHandlerOptions":{"AllowAutoRedirect":false,"UseCookieContainer":false,"UseTracing":false,"UseProxy":true,"MaxConnectionsPerServer":2147483647},"DownstreamHostAndPorts":[{"Host":"reception-providers-api-svc.","Port":80}],"UpstreamHost":null,"Key":null,"DelegatingHandlers":[],"Priority":1,"Timeout":0,"DangerousAcceptAnyServerCertificateValidator":false,"SecurityOptions":{"IPAllowedList":[],"IPBlockedList":[]},"DownstreamHttpVersion":null},{"DownstreamPathTemplate":"/hc","UpstreamPathTemplate":"/reception-providers-api/hc","UpstreamHttpMethod":["Get"],"DownstreamHttpMethod":null,"AddHeadersToRequest":{},"UpstreamHeaderTransform":{},"DownstreamHeaderTransform":{},"AddClaimsToRequest":{},"RouteClaimsRequirement":{},"AddQueriesToRequest":{},"ChangeDownstreamPathTemplate":{},"RequestIdKey":null,"FileCacheOptions":{"TtlSeconds":0,"Region":null},"RouteIsCaseSensitive":false,"ServiceName":null,"ServiceNamespace":null,"DownstreamScheme":"http","QoSOptions":{"ExceptionsAllowedBeforeBreaking":0,"DurationOfBreak":0,"TimeoutValue":0},"LoadBalancerOptions":{"Type":null,"Key":null,"Expiry":0},"RateLimitOptions":{"ClientWhitelist":[],"EnableRateLimiting":false,"Period":null,"PeriodTimespan":0.0,"Limit":0},"AuthenticationOptions":{"AuthenticationProviderKey":null,"AllowedScopes":[]},"HttpHandlerOptions":{"AllowAutoRedirect":false,"UseCookieContainer":false,"UseTracing":false,"UseProxy":true,"MaxConnectionsPerServer":2147483647},"DownstreamHostAndPorts":[{"Host":"reception-providers-api-svc.","Port":80}],"UpstreamHost":null,"Key":null,"DelegatingHandlers":[],"Priority":1,"Timeout":0,"DangerousAcceptAnyServerCertificateValidator":false,"SecurityOptions":{"IPAllowedList":[],"IPBlockedList":[]},"DownstreamHttpVersion":null}],"DynamicRoutes":[],"Aggregates":[],"GlobalConfiguration":{"RequestIdKey":null,"ServiceDiscoveryProvider":{"Scheme":null,"Host":null,"Port":0,"Type":null,"Token":null,"ConfigurationKey":null,"PollingInterval":0,"Namespace":null},"RateLimitOptions":{"ClientIdHeader":"ClientId","QuotaExceededMessage":null,"RateLimitCounterPrefix":"ocelot","DisableRateLimitHeaders":false,"HttpStatusCode":429},"QoSOptions":{"ExceptionsAllowedBeforeBreaking":0,"DurationOfBreak":0,"TimeoutValue":0},"BaseUrl":"https://localhost:7293","LoadBalancerOptions":{"Type":null,"Key":null,"Expiry":0},"DownstreamScheme":null,"HttpHandlerOptions":{"AllowAutoRedirect":false,"UseCookieContainer":false,"UseTracing":false,"UseProxy":true,"MaxConnectionsPerServer":2147483647},"DownstreamHttpVersion":null}}